LONDON,Visits (000s),,,,,,,,,,,,,,,,,,,Nights (000s),,,,,,,,,,,,,,,,,,,Spend (£m),,,,,,,,,,,,,,,,,,,Sample,,,,,,,,,,,,,,,,,,
Country of origin,2002,2003,2004,2005,2006,2007,2008,2009,2010,2011,2012,2013,2014,2015,2016,2017,2018,2019,2020p,2002,2003,2004,2005,2006,2007,2008,2009,2010,2011,2012,2013,2014,2015,2016,2017,2018,2019,2020p,2002,2003,2004,2005,2006,2007,2008,2009,2010,2011,2012,2013,2014,2015,2016,2017,2018,2019,2020p,2002,2003,2004,2005,2006,2007,2008,2009,2010,2011,2012,2013,2014,2015,2016,2017,2018,2019,2020p
Argentina,14.6,21.5,23.2,20.9,28.4,30.5,20.1,55.4,52.4,61.1,93.7,93.5,92.5,113.3,126.1,107.0,115.3,96.0,31.6,381.7,153.8,222.9,143.6,241.0,193.2,149.6,334.6,334.8,299.3,779.5,425.4,560.9,714.6,685.4,538.8,"1,681.5",712.6,245.0,11.6,11.9,12.0,9.9,18.1,13.6,11.0,29.6,34.6,26.8,88.4,48.4,51.2,73.2,65.5,66.2,121.0,49.8,40.4,39.0,42.0,36.0,34.0,45.0,57.0,32.0,74.0,71.0,70.0,89.0,104.0,108.0,108.0,116.0,108.0,81.0,66.0,40.4
Australia,436.9,450.7,477.7,552.6,578.8,595.3,583.7,571.2,624.3,681.3,596.9,687.3,614.9,629.0,600.4,653.6,588.3,567.6,88.1,"3,058.7","4,205.5","3,663.5","3,943.1","4,459.6","4,635.6","4,207.9","4,486.4","4,809.2","4,639.7","4,267.6","5,381.2","4,608.2","5,149.6","4,148.3","4,551.1","4,239.1","3,920.0",618.4,203.4,234.7,240.2,255.6,308.0,328.5,354.1,411.2,432.9,500.7,469.7,547.1,561.7,506.4,478.9,553.5,452.4,512.8,83.2,1167.0,1105.0,1241.0,1463.0,1396.0,1256.0,998.0,1240.0,1497.0,1187.0,1100.0,1210.0,1015.0,949.0,800.0,861.0,632.0,669.0,83.2
Austria,109.5,129.0,128.7,122.3,140.8,163.7,141.7,168.8,165.9,164.9,153.0,142.8,145.4,152.7,180.2,148.4,158.4,205.4,9.9,560.2,715.2,495.8,573.3,776.0,611.5,757.2,759.7,723.1,869.1,834.0,621.9,705.2,700.9,782.7,572.6,603.8,641.3,36.2,46.2,54.6,40.0,45.9,54.2,57.5,67.0,93.0,85.5,79.4,70.1,67.2,78.9,84.5,87.0,66.3,65.5,108.5,5.8,195.0,162.0,194.0,158.0,192.0,205.0,150.0,244.0,265.0,219.0,190.0,217.0,190.0,195.0,208.0,155.0,128.0,122.0,5.8
Bahrain,,,,,,,,,,12.1,21.5,23.9,19.2,11.6,17.6,21.2,24.0,31.1,3.1,,,,,,,,,,99.8,143.6,205.8,180.6,130.6,184.3,195.8,253.7,215.2,26.2,,,,,,,,,,20.1,40.4,64.2,36.1,18.3,35.9,61.3,75.4,54.4,5.4,,,,,,,,,,20.0,37.0,40.0,38.0,19.0,27.0,35.0,37.0,42.0,5.4
Belgium,288.6,306.2,359.2,300.5,342.8,351.1,307.7,349.9,488.8,406.4,470.3,530.7,490.2,529.8,453.7,514.0,511.7,519.2,86.3,866.1,816.8,"1,134.2",858.9,"1,212.9","1,060.0",961.9,"1,291.7","1,634.8","1,139.5","1,336.6","1,512.5","1,683.1","1,417.7","1,514.5","1,484.8","1,480.7","1,385.7",237.3,70.9,71.8,95.8,76.7,117.4,105.1,98.6,117.9,169.3,130.7,158.6,203.7,175.8,186.3,145.9,192.8,182.1,194.7,31.5,438.0,445.0,571.0,574.0,561.0,472.0,402.0,377.0,446.0,347.0,384.0,448.0,376.0,415.0,350.0,400.0,272.0,267.0,31.5
Brazil,64.7,46.1,58.6,65.4,91.5,108.9,150.9,108.4,149.2,211.3,215.2,220.0,256.0,259.6,148.8,195.8,191.9,214.0,68.0,796.5,812.6,853.1,996.6,"1,353.6","1,388.2","1,570.2","1,386.4","1,337.5","1,615.2","1,602.0","1,605.3","2,126.7","1,975.6","1,251.7","1,467.3","1,336.4","1,624.4",465.4,52.0,53.4,38.5,70.0,76.3,94.2,109.0,102.2,117.7,209.8,182.9,213.5,197.8,199.4,112.8,186.2,163.4,178.9,53.9,132.0,102.0,113.0,144.0,161.0,167.0,160.0,149.0,241.0,258.0,245.0,282.0,270.0,267.0,188.0,223.0,199.0,180.0,53.9
Bulgaria,,,,,,,44.3,55.7,49.3,52.6,53.9,55.2,71.7,70.3,96.0,98.3,113.0,89.2,22.7,,,,,,,686.6,378.3,356.4,708.4,598.6,318.2,972.5,471.0,813.8,687.0,829.5,824.0,78.8,,,,,,,19.5,43.2,25.7,39.2,26.9,27.9,50.7,28.6,31.8,44.4,49.7,45.3,9.7,,,,,,,31.0,54.0,66.0,59.0,62.0,58.0,70.0,59.0,68.0,60.0,41.0,38.0,9.7
Canada,358.3,317.2,368.9,399.2,439.5,478.1,499.7,371.2,389.5,428.8,402.9,434.5,359.2,407.5,445.3,457.5,474.4,499.2,62.8,"2,092.6","1,892.9","2,281.9","2,059.0","2,592.3","2,594.1","2,787.1","2,238.9","2,605.7","2,475.1","2,423.1","2,502.9","2,251.4","2,188.4","2,832.6","2,875.7","2,613.1","3,102.8",300.4,146.7,133.9,209.2,180.3,222.0,257.4,256.6,192.8,242.4,265.5,270.9,269.6,227.5,241.4,268.6,299.8,296.7,410.7,37.1,1011.0,888.0,989.0,1076.0,1073.0,956.0,885.0,933.0,973.0,806.0,811.0,808.0,619.0,555.0,546.0,418.0,391.0,411.0,37.1
Chile,,,,,,,,,,18.7,16.7,29.0,38.0,31.6,40.9,40.7,28.3,48.3,2.3,,,,,,,,,,122.1,73.1,132.4,190.6,133.8,192.7,241.9,179.3,251.5,16.2,,,,,,,,,,18.8,11.1,25.4,18.7,13.3,27.6,24.2,17.3,32.6,2.8,,,,,,,,,,24.0,18.0,33.0,35.0,33.0,44.0,48.0,30.0,38.0,2.8
China,39.5,42.6,61.0,58.1,64.8,79.2,60.1,46.7,55.4,80.6,104.1,96.4,98.9,167.1,164.9,219.4,278.5,574.3,57.8,289.8,305.8,598.7,585.7,488.1,540.9,518.5,393.8,780.5,576.7,"1,005.1",813.4,860.4,"1,461.0","1,793.1","2,270.0","2,555.3","5,103.1",541.3,32.4,28.4,41.1,53.1,49.0,61.3,67.6,55.7,87.7,88.9,142.1,186.9,148.7,310.4,218.5,330.4,382.4,862.7,85.2,84.0,76.0,124.0,109.0,123.0,135.0,95.0,122.0,148.0,137.0,184.0,190.0,162.0,221.0,207.0,267.0,308.0,286.0,85.2
Czech Republic,63.6,79.7,126.1,106.9,112.0,134.1,169.7,144.8,109.7,108.7,144.6,136.5,134.7,166.3,155.6,148.6,163.4,178.2,38.5,647.6,526.5,624.3,598.3,974.2,842.6,761.6,805.9,545.5,650.6,723.7,865.1,744.7,"1,375.3","1,033.2",634.2,659.3,861.0,236.4,18.1,34.1,31.0,38.3,37.5,39.7,44.3,50.9,40.5,40.4,47.3,52.1,46.8,57.6,72.3,52.9,53.2,88.0,20.5,49.0,73.0,110.0,91.0,86.0,88.0,118.0,157.0,122.0,121.0,174.0,161.0,153.0,152.0,135.0,115.0,75.0,91.0,20.5
Denmark,191.4,209.8,238.1,286.7,291.3,312.3,298.4,332.2,273.8,340.2,325.7,378.5,339.4,422.7,412.8,407.2,451.7,355.0,43.0,888.1,911.0,984.4,"1,417.7","1,128.1","1,264.6","1,080.3","1,247.6","1,055.6","1,416.3","1,427.4","1,438.5","1,159.5","1,602.7","1,528.5","1,529.7","1,701.1","1,309.8",186.7,73.2,83.8,101.6,114.7,117.8,143.5,137.2,165.9,142.3,159.9,183.0,196.7,162.6,195.1,217.0,217.4,233.0,203.0,26.4,314.0,335.0,359.0,400.0,412.0,391.0,406.0,535.0,469.0,419.0,389.0,445.0,376.0,378.0,350.0,278.0,211.0,150.0,26.4
Egypt,19.7,25.0,21.6,19.5,33.6,21.8,31.6,30.5,31.0,29.9,35.0,39.1,39.9,38.1,34.1,29.4,23.9,38.2,7.9,264.6,215.9,224.2,282.7,334.8,194.6,326.7,302.2,327.2,229.3,318.0,316.7,333.1,413.9,419.8,190.4,193.1,253.8,89.3,27.0,26.9,26.4,25.1,32.5,66.9,37.1,48.2,48.1,46.5,45.9,59.1,113.2,63.2,80.7,64.5,30.8,61.0,15.9,64.0,67.0,62.0,57.0,74.0,53.0,58.0,80.0,79.0,66.0,84.0,85.0,82.0,62.0,55.0,35.0,24.0,30.0,15.9
Finland,66.3,59.3,78.1,97.5,102.6,99.4,94.9,94.4,103.6,124.5,130.7,134.2,159.4,160.7,161.5,161.9,122.4,113.3,31.1,489.6,300.8,395.9,415.2,520.4,403.7,411.1,350.4,439.3,611.6,598.4,774.7,817.5,737.4,630.0,647.0,443.2,404.1,120.7,27.3,26.6,35.1,37.3,42.7,37.9,46.8,48.6,52.3,73.3,73.7,72.7,77.6,86.5,78.4,75.1,61.0,57.8,13.9,127.0,110.0,127.0,161.0,131.0,148.0,130.0,306.0,336.0,313.0,311.0,250.0,293.0,254.0,242.0,245.0,187.0,156.0,13.9
France,"1,102.9","1,190.9","1,258.1","1,367.3","1,447.5","1,342.4","1,409.9","1,528.2","1,624.3","1,600.5","1,681.3","1,904.0","2,010.0","2,071.4","1,993.4","2,014.7",1834.6,1837.1,375.1,"4,475.6","5,136.4","5,810.0","5,887.2","7,323.0","6,524.1","6,580.5","6,395.8","6,639.5","6,603.6","7,130.3","7,596.6","8,688.8","8,875.6","8,371.0","8,743.9","8,074.1","6,871.0","1,240.9",296.0,332.4,322.4,356.5,431.0,406.4,444.9,472.3,543.7,530.2,744.9,689.1,789.0,762.8,711.5,753.8,703.5,761.6,147.5,1627.0,1675.0,1990.0,2190.0,2156.0,1771.0,1484.0,1414.0,1520.0,1362.0,1387.0,1589.0,1549.0,1612.0,1546.0,1390.0,951.0,990.0,147.5
Germany,889.4,891.7,"1,172.9","1,280.9","1,274.7","1,196.6","1,052.4","1,068.9","1,257.4","1,214.5","1,199.1","1,295.3","1,341.1","1,401.2","1,472.8","1,462.3",1452.4,1507.1,246.2,"3,954.6","4,475.3","4,886.7","5,757.9","5,607.8","4,732.0","4,665.0","4,216.9","5,736.0","5,691.4","5,060.7","5,705.2","6,306.5","6,021.9","6,333.0","5,705.9","5,506.5","5,697.0",862.2,275.3,290.5,337.5,393.9,405.4,391.9,418.2,353.5,465.0,480.4,483.3,540.0,621.9,549.3,618.5,606.5,626.9,707.3,101.4,1167.0,1061.0,1266.0,1375.0,1321.0,1245.0,1059.0,1519.0,1572.0,1362.0,1264.0,1480.0,1398.0,1457.0,1553.0,1218.0,855.0,809.0,101.4
Greece,97.8,96.6,109.8,111.8,102.5,99.6,124.4,116.9,104.5,134.4,92.3,110.8,155.4,147.8,146.6,133.4,103.6,162.1,37.5,694.8,648.1,767.2,685.6,619.7,498.1,946.2,609.2,735.4,893.2,618.9,780.4,"1,084.4","1,289.5",748.0,853.0,457.0,804.2,214.7,76.7,81.5,74.9,71.0,73.7,109.2,104.7,88.3,81.6,98.0,65.6,96.5,90.5,115.4,90.8,90.6,50.2,121.6,24.0,164.0,154.0,179.0,155.0,156.0,110.0,144.0,160.0,173.0,163.0,113.0,164.0,193.0,159.0,150.0,114.0,67.0,98.0,24.0
Hong Kong,96.1,78.8,82.9,88.9,96.6,85.1,84.5,86.7,84.4,97.9,92.7,99.5,107.5,134.4,145.4,154.8,181.0,268.4,27.8,600.7,488.8,475.6,482.0,502.6,512.6,553.2,566.1,565.0,766.2,618.2,688.8,844.1,977.5,"1,142.1","1,325.2","5,027.1","1,667.8",171.3,74.6,60.4,63.8,76.0,64.3,74.3,76.9,67.2,84.7,104.0,90.9,137.5,137.7,162.8,155.0,188.1,298.2,348.1,28.7,288.0,226.0,211.0,228.0,215.0,200.0,170.0,249.0,235.0,210.0,213.0,219.0,233.0,223.0,232.0,251.0,239.0,266.0,28.7
Hungary,43.7,45.1,83.5,120.9,119.5,149.1,108.2,102.4,75.6,80.7,104.9,88.2,115.6,95.2,116.8,153.5,189.2,139.7,23.4,243.4,"1,022.3",757.5,"1,162.0",981.8,786.4,660.8,875.3,367.0,920.1,739.8,735.0,822.2,452.5,625.7,924.6,"1,220.2",564.1,78.8,12.5,20.8,30.1,55.1,38.2,62.6,32.4,51.4,22.9,47.5,43.0,36.2,31.3,26.2,41.0,58.3,53.4,62.7,6.0,50.0,48.0,69.0,95.0,99.0,88.0,77.0,108.0,90.0,94.0,119.0,102.0,116.0,83.0,92.0,108.0,80.0,70.0,6.0
Iceland,20.1,23.7,49.8,43.0,46.7,46.1,32.3,23.7,19.9,24.5,25.4,29.0,28.5,26.1,37.2,70.5,46.9,26.5,5.5,298.0,90.9,186.8,149.0,144.4,170.5,79.4,108.0,77.8,105.3,95.8,116.2,101.9,109.4,186.4,282.4,152.0,87.5,15.9,14.5,14.6,23.9,19.1,32.3,27.7,17.0,15.4,9.4,14.3,14.9,12.6,12.9,16.2,25.3,54.8,30.4,16.5,1.8,32.0,42.0,61.0,74.0,79.0,63.0,34.0,42.0,34.0,31.0,34.0,28.0,27.0,31.0,40.0,44.0,28.0,20.0,1.8
India,135.2,130.4,160.3,166.0,229.6,219.7,241.6,177.9,235.9,235.3,231.5,243.6,252.3,275.7,273.4,382.4,367.1,444.6,48.7,"2,140.0","2,063.0","2,566.6","2,721.2","3,321.5","3,918.1","2,874.7","2,662.4","4,021.0","3,579.1","3,436.8","3,941.5","3,508.6","3,769.3","4,111.6","4,863.0","5,397.8","5,056.8",889.4,81.2,77.7,106.5,107.1,151.5,157.9,148.8,133.0,213.4,166.8,176.7,224.5,240.2,203.4,258.0,282.5,313.8,358.1,51.4,370.0,343.0,398.0,422.0,535.0,447.0,340.0,441.0,486.0,359.0,387.0,419.0,414.0,401.0,388.0,494.0,426.0,426.0,51.4
Indonesia,,,,,,,,,,19.2,18.5,17.9,22.1,24.8,32.6,36.4,37.1,39.1,3.6,,,,,,,,,,183.5,117.0,125.3,126.9,190.1,196.2,300.7,231.0,250.0,22.6,,,,,,,,,,18.7,19.2,33.5,22.9,30.6,26.4,34.7,39.6,55.9,3.1,,,,,,,,,,34.0,26.0,27.0,32.0,32.0,36.0,54.0,41.0,37.0,3.1
Irish Republic,628.9,623.6,682.8,726.5,718.4,732.3,736.1,690.4,656.6,620.3,595.9,610.6,620.3,793.2,806.4,826.5,649.5,748.5,197.9,"2,436.7","2,301.1","2,702.1","2,880.7","2,663.9","2,549.3","2,600.5","2,120.9","2,434.3","2,686.1","2,562.9","2,378.5","2,419.1","2,900.2","3,049.8","2,983.5","2,129.5","2,410.3",849.7,201.5,173.2,218.0,250.1,233.2,243.7,244.8,238.0,256.6,230.2,225.3,228.6,251.3,285.8,371.0,320.1,213.1,261.9,91.7,494.0,551.0,589.0,683.0,687.0,664.0,693.0,773.0,651.0,573.0,563.0,545.0,511.0,749.0,758.0,550.0,355.0,376.0,91.7
Israel,152.7,122.7,127.4,106.9,138.4,102.7,125.7,124.9,122.8,120.5,108.2,141.0,147.6,164.7,154.4,202.1,231.4,226.3,38.1,911.7,782.0,859.6,807.9,964.3,581.8,740.1,727.6,779.5,745.2,634.5,762.6,936.4,"1,000.2",866.3,"1,327.6","1,441.0","1,298.6",164.6,79.5,57.5,54.8,55.8,71.7,71.4,64.3,92.4,72.3,68.0,70.5,89.0,88.5,224.6,105.3,181.1,184.0,205.8,54.7,290.0,245.0,229.0,221.0,233.0,177.0,153.0,240.0,226.0,195.0,150.0,198.0,193.0,183.0,169.0,209.0,161.0,169.0,54.7
Italy,541.6,601.4,765.4,643.7,851.2,837.7,981.0,747.6,932.2,"1,009.3",962.8,"1,072.2","1,185.7","1,165.1","1,251.5","1,052.0",989.9,1391.7,175.2,"3,400.5","3,957.1","5,234.6","3,490.9","5,122.6","5,028.6","5,346.8","4,471.7","5,392.1","5,289.0","5,336.9","5,951.9","8,484.1","6,536.5","6,682.2","5,696.3","4,084.8","7,254.2","1,725.4",199.0,292.9,292.8,281.2,380.0,360.0,475.8,360.5,437.1,544.0,453.2,504.4,637.9,535.6,563.1,477.8,420.8,732.5,77.2,565.0,561.0,658.0,600.0,716.0,718.0,792.0,985.0,1062.0,978.0,936.0,1025.0,952.0,934.0,937.0,673.0,443.0,385.0,77.2
Japan,294.5,232.5,265.0,242.9,245.2,220.1,167.8,180.5,168.2,166.4,177.9,155.3,157.5,151.4,180.3,174.8,192.7,310.1,66.8,"1,983.7","1,427.5","1,680.5","1,840.9","1,528.9","1,271.8",950.6,"1,578.1","1,051.3",900.9,"1,821.5","1,186.0",857.5,"1,027.5","1,069.5","1,168.0","1,204.5","1,585.0",311.0,176.1,145.7,145.6,165.5,134.1,134.7,102.3,227.4,117.7,110.8,181.8,135.6,162.7,135.4,142.9,173.8,219.1,277.2,43.9,610.0,455.0,514.0,479.0,448.0,372.0,267.0,394.0,388.0,271.0,308.0,260.0,251.0,207.0,224.0,222.0,227.0,250.0,43.9
Kenya,31.6,19.8,22.1,16.5,15.9,12.7,24.6,14.9,18.5,17.8,20.8,22.3,12.5,22.4,24.5,29.3,19.8,19.6,3.7,580.4,431.2,363.5,237.6,266.9,92.7,400.4,229.3,169.0,210.8,243.8,301.2,194.3,391.2,289.6,400.0,168.6,251.2,22.5,48.5,21.9,19.0,13.6,14.1,6.6,28.7,18.0,21.8,15.8,28.2,17.6,21.3,21.4,20.8,32.0,14.5,29.2,1.0,92.0,55.0,59.0,56.0,43.0,36.0,44.0,42.0,44.0,36.0,43.0,49.0,28.0,42.0,44.0,62.0,35.0,37.0,1.0
Kuwait,31.1,36.2,32.5,33.8,43.6,46.7,35.4,49.0,41.9,52.8,50.5,105.7,84.3,83.4,91.5,98.2,79.7,138.4,26.5,465.5,623.8,658.0,460.7,602.6,808.3,485.8,734.6,511.7,747.5,707.7,"1,302.5","1,682.8","1,219.2",855.4,"1,231.4","1,038.0","1,323.8",176.7,62.3,72.6,51.2,77.5,84.5,158.5,87.5,106.6,75.2,156.2,248.0,441.0,405.2,260.2,171.3,327.5,235.9,309.3,42.6,86.0,88.0,82.0,98.0,98.0,95.0,60.0,124.0,93.0,85.0,94.0,179.0,152.0,123.0,139.0,157.0,124.0,153.0,42.6
Luxembourg,23.9,16.9,38.4,25.9,28.2,31.7,35.0,27.9,26.8,40.0,40.1,51.2,56.1,78.1,61.3,41.0,54.8,69.9,1.0,75.4,36.6,146.7,96.4,70.5,94.5,184.8,62.5,88.5,181.5,115.2,160.1,168.3,266.8,162.4,194.0,308.5,205.6,0.7,8.0,4.6,14.1,11.3,11.6,10.4,18.2,10.4,8.2,13.9,17.4,27.9,27.5,46.0,28.3,22.6,36.0,37.0,1.2,31.0,28.0,41.0,32.0,32.0,32.0,35.0,33.0,24.0,34.0,31.0,40.0,37.0,46.0,44.0,41.0,36.0,37.0,1.2
Malaysia,60.5,46.7,65.0,52.8,52.7,47.0,45.6,77.9,89.8,82.5,72.0,113.4,109.5,126.0,128.7,123.2,122.0,135.1,20.2,581.6,373.0,439.6,410.1,632.6,362.9,443.2,"1,262.8",581.5,658.5,637.9,"1,032.5",807.4,899.0,816.0,870.6,826.6,775.9,151.5,36.3,35.4,39.5,44.9,44.7,43.3,31.3,95.2,80.0,63.4,74.2,106.4,96.3,102.2,117.4,104.1,104.7,94.2,22.8,143.0,133.0,154.0,134.0,118.0,103.0,86.0,154.0,152.0,125.0,123.0,177.0,156.0,157.0,148.0,160.0,151.0,152.0,22.8
Mexico,53.0,57.9,52.2,55.0,69.5,38.1,50.4,60.7,51.9,62.2,69.8,91.4,72.8,82.2,83.0,126.9,110.2,145.3,24.5,363.6,281.2,"2,283.9",418.9,562.5,347.5,322.7,428.2,223.9,419.7,363.1,569.6,434.3,439.9,402.4,571.4,484.0,703.9,114.6,27.0,22.0,78.9,27.5,50.3,24.5,29.2,36.6,213.3,38.9,28.6,48.8,47.6,41.8,48.9,73.4,55.8,93.1,24.1,108.0,98.0,104.0,102.0,118.0,74.0,63.0,81.0,71.0,80.0,88.0,126.0,91.0,105.0,88.0,142.0,83.0,82.0,24.1
Netherlands,492.4,619.2,578.3,606.7,659.8,665.3,654.1,683.9,621.2,631.2,637.9,686.7,705.2,690.5,805.6,825.6,695.2,711.7,166.2,"2,299.6","2,439.9","1,936.4","2,029.9","2,057.6","1,980.8","2,111.1","2,409.8","2,238.5","2,412.0","2,440.8","2,470.5","2,298.4","2,341.3","2,939.5","2,783.5","2,072.4","2,247.9",468.5,155.6,222.2,177.1,187.7,188.0,208.6,217.9,252.6,264.2,241.5,252.0,269.5,300.3,275.6,296.2,293.2,259.9,314.0,45.3,793.0,834.0,825.0,775.0,801.0,765.0,627.0,802.0,725.0,717.0,713.0,758.0,684.0,662.0,689.0,643.0,444.0,458.0,45.3
New Zealand,82.7,100.5,101.9,121.7,124.5,119.7,103.1,108.8,111.3,95.5,104.5,93.7,106.6,118.4,107.7,112.1,118.9,119.3,9.0,755.2,903.5,822.8,"1,247.7","1,063.5","1,086.1","1,073.3",977.6,810.5,875.2,893.9,669.7,"1,088.2","1,213.3",898.8,976.1,749.1,746.2,188.7,34.2,38.5,49.5,60.4,70.1,83.3,51.2,74.6,62.7,66.6,69.5,48.8,78.4,90.6,73.8,77.3,104.4,66.5,16.1,246.0,238.0,256.0,322.0,287.0,270.0,193.0,218.0,237.0,170.0,195.0,165.0,161.0,185.0,146.0,128.0,118.0,140.0,16.1
Nigeria,93.0,85.6,120.6,119.8,118.4,125.0,113.6,116.5,124.6,106.1,109.9,120.7,95.8,89.8,66.3,77.7,79.1,154.5,27.8,"1,379.2","1,371.5","1,760.5","2,653.9","2,198.5","2,282.5","1,715.4","1,464.2","1,659.9","1,451.6","1,402.9","1,270.9","1,238.2","1,740.3",999.6,"1,115.4",932.9,"1,857.1",464.7,145.2,108.4,144.5,154.4,170.9,143.5,183.4,151.7,202.3,162.0,176.1,179.8,166.0,123.3,114.6,132.0,111.6,219.1,32.0,284.0,266.0,342.0,356.0,295.0,270.0,226.0,278.0,283.0,201.0,226.0,253.0,210.0,162.0,107.0,128.0,114.0,130.0,32.0
Norway,178.4,182.0,218.0,265.9,302.2,306.6,337.6,324.1,372.1,382.1,396.8,480.1,471.9,434.6,380.4,336.7,357.2,321.0,62.5,768.8,665.8,817.9,"1,065.1","1,106.1","1,164.7","1,240.1","1,192.1","1,304.7","1,500.8","1,364.7","2,009.7","1,719.5","1,645.8","1,429.2","1,190.7","1,577.7","1,140.6",231.2,81.5,77.1,115.8,122.9,144.8,160.6,215.9,191.6,204.3,237.1,235.7,301.7,307.3,241.4,228.2,188.2,229.4,217.8,48.6,404.0,362.0,448.0,436.0,483.0,493.0,470.0,670.0,626.0,562.0,602.0,691.0,622.0,487.0,412.0,257.0,216.0,184.0,48.6
Oman,,,,,,,,,,8.1,8.5,12.1,9.6,14.3,22.3,21.5,21.5,23.0,0.6,,,,,,,,,,129.5,59.2,127.8,80.9,97.2,124.9,196.6,199.8,159.7,4.4,,,,,,,,,,11.1,9.9,85.5,10.2,19.7,24.8,23.8,31.7,46.1,0.4,,,,,,,,,,19.0,22.0,25.0,25.0,26.0,34.0,37.0,30.0,28.0,0.4
Other Africa,102.6,100.9,113.5,93.5,98.6,110.8,83.3,93.9,87.8,77.1,88.5,113.4,106.3,96.9,85.7,116.0,95.9,79.6,27.1,"2,003.9","2,057.5","2,233.2","1,501.6","1,803.7","1,357.7","1,372.8","1,192.5",992.2,"1,027.8","1,238.8","1,410.3","1,304.9","1,001.0","1,068.7","1,331.9","1,071.6",852.2,380.0,101.3,89.1,96.1,86.9,71.1,86.2,91.1,101.7,129.3,105.0,113.0,156.9,182.1,120.9,80.8,155.7,95.7,101.8,21.3,300.0,280.0,279.0,247.0,232.0,221.0,145.0,182.0,179.0,131.0,165.0,166.0,162.0,149.0,115.0,131.0,91.0,89.0,21.3
Other Asia,68.6,56.0,65.5,76.0,60.8,73.4,71.8,51.9,59.7,59.6,59.9,75.7,87.1,74.5,82.6,82.3,91.2,108.1,26.3,954.3,944.3,"1,111.3","1,422.0",675.7,"1,196.3","1,011.7",971.7,"1,234.3",989.4,996.2,866.6,"1,445.9","1,210.0","1,060.6","1,127.7","1,069.2","1,328.8",230.9,50.4,38.5,52.3,50.4,42.7,61.1,55.3,42.3,53.4,60.1,68.9,73.8,87.6,122.8,86.4,89.7,84.2,104.1,19.6,171.0,144.0,153.0,158.0,136.0,140.0,105.0,126.0,137.0,101.0,114.0,127.0,142.0,110.0,118.0,126.0,114.0,126.0,19.6
Other Central & South America,106.0,98.0,103.2,108.2,108.5,119.2,76.1,90.5,84.6,85.0,84.8,128.3,111.1,88.6,118.6,148.0,147.8,184.1,28.6,"1,709.0","2,111.7","1,121.2","1,471.5",972.2,"1,262.8",747.5,"1,177.7","1,178.3",896.3,"1,034.0","1,459.4","1,402.3","1,021.8","1,077.9","1,414.3","1,302.9","2,416.6",277.8,77.5,65.8,60.2,72.5,74.8,76.4,55.5,76.0,75.0,62.2,67.5,98.0,89.3,78.1,121.9,134.5,102.2,161.3,20.0,245.0,224.0,255.0,221.0,233.0,185.0,119.0,148.0,155.0,121.0,121.0,156.0,129.0,110.0,145.0,139.0,114.0,111.0,20.0
Other Eastern Europe,79.3,74.4,86.2,285.3,404.8,485.0,352.5,266.9,261.2,291.3,291.1,307.6,258.3,314.0,349.5,383.6,431.7,443.0,77.1,697.7,522.0,788.6,"3,366.2","3,772.5","4,881.4","3,011.7","2,018.0","2,580.1","2,363.7","2,195.8","2,014.1","1,723.1","2,121.5","2,045.1","2,604.2","2,481.0","3,476.6",337.1,45.0,41.8,46.6,147.0,191.5,247.0,205.0,174.9,145.8,190.8,183.4,176.3,136.5,197.3,151.6,229.7,190.5,236.3,31.3,137.0,115.0,102.0,303.0,346.0,434.0,264.0,314.0,312.0,292.0,294.0,311.0,259.0,246.0,270.0,250.0,168.0,168.0,31.3
Other Middle East,80.6,66.9,83.2,77.8,97.0,93.2,91.6,115.1,97.4,55.8,45.5,40.4,55.3,43.5,48.2,53.7,50.9,50.2,5.3,943.3,983.9,"1,278.5",886.8,"1,426.3","1,009.4","1,154.3","1,409.8","1,055.8",790.8,603.1,480.6,607.7,464.1,447.1,429.6,477.9,330.5,56.5,98.1,88.4,104.8,137.5,134.0,139.8,152.5,210.9,188.6,100.3,64.1,92.0,129.3,90.2,100.6,103.1,102.0,83.0,19.8,212.0,178.0,216.0,209.0,207.0,203.0,160.0,300.0,261.0,128.0,116.0,84.0,115.0,84.0,92.0,100.0,95.0,84.0,19.8
Other Southern Africa,19.0,11.9,13.6,12.2,11.4,12.3,11.7,5.6,1.8,21.3,19.4,17.0,19.6,16.5,17.6,30.1,19.9,19.9,6.2,225.6,249.1,163.4,179.7,218.4,111.4,163.2,92.3,15.5,525.6,241.7,290.9,326.7,161.2,163.2,448.0,248.3,277.6,89.5,19.3,7.9,5.7,4.9,7.8,8.1,4.4,9.7,4.2,24.1,19.5,12.8,13.3,16.6,13.6,31.9,25.5,19.2,5.6,32.0,33.0,31.0,29.0,22.0,24.0,13.0,11.0,5.0,32.0,42.0,30.0,37.0,31.0,30.0,41.0,26.0,28.0,5.6
Other Western Europe,80.3,75.1,101.9,81.8,106.9,122.8,118.2,122.6,96.6,94.1,94.8,103.5,117.6,113.6,132.3,145.8,92.0,164.1,35.4,695.1,733.1,780.4,745.9,770.4,"1,421.0",833.6,867.1,734.0,651.1,754.0,806.9,613.4,859.5,"1,093.3",982.3,525.5,890.5,334.6,60.2,47.4,61.1,57.6,72.6,74.2,113.1,109.8,71.3,87.4,72.7,99.3,104.6,61.5,148.1,102.5,54.3,120.1,23.2,179.0,153.0,183.0,176.0,186.0,184.0,151.0,227.0,194.0,150.0,159.0,152.0,155.0,134.0,145.0,142.0,85.0,100.0,23.2
Pakistan,43.0,35.6,49.2,58.3,66.1,55.5,47.7,38.4,32.5,31.4,40.6,39.7,49.0,35.1,39.8,47.3,47.3,57.1,16.5,633.4,688.0,"1,176.2","1,373.5","1,438.9","1,099.2","1,108.0",813.7,628.2,909.6,802.8,650.0,867.8,622.8,678.7,673.9,596.3,795.8,510.4,39.0,27.2,49.0,53.0,68.4,67.5,45.2,40.5,30.5,54.5,44.6,77.3,42.6,41.8,45.6,81.5,45.7,69.7,31.0,112.0,87.0,111.0,140.0,129.0,108.0,82.0,111.0,99.0,75.0,97.0,90.0,97.0,71.0,65.0,86.0,65.0,75.0,31.0
Poland,115.3,167.2,277.8,425.2,528.2,432.7,451.3,359.6,355.7,353.7,396.2,419.2,446.5,531.4,534.1,506.8,510.3,517.5,107.4,"2,762.7","4,811.1","6,400.7","8,529.0","7,841.5","4,791.3","5,422.2","3,670.9","3,954.4","3,083.3","3,663.2","3,054.5","3,298.3","4,074.1","4,305.5","2,943.1","2,861.1","2,197.4",496.3,48.2,67.8,148.2,163.8,277.7,174.8,198.2,146.5,160.0,140.1,135.0,175.0,141.7,167.4,156.5,161.2,140.3,180.5,37.7,96.0,111.0,175.0,241.0,258.0,207.0,229.0,323.0,366.0,337.0,332.0,367.0,380.0,384.0,381.0,315.0,190.0,183.0,37.7
Portugal,97.8,97.5,97.0,113.6,120.8,144.1,133.8,136.7,172.4,165.6,153.0,138.0,191.3,223.0,279.9,257.1,215.8,353.7,82.2,582.1,434.4,631.9,763.9,488.4,729.0,712.8,645.3,"1,115.2",817.8,"1,157.7",819.2,"1,328.8","1,203.8","1,626.4","1,484.9","1,133.0","2,243.6",414.6,49.1,38.5,41.4,65.7,41.8,66.4,68.8,66.0,74.8,76.5,80.7,61.2,86.0,99.8,123.7,127.6,84.1,210.3,36.8,183.0,169.0,157.0,171.0,169.0,164.0,131.0,204.0,250.0,212.0,179.0,168.0,184.0,211.0,233.0,166.0,111.0,132.0,36.8
Qatar,,,,,,,,,,24.6,31.7,43.6,32.8,41.8,51.4,60.0,59.9,109.3,23.4,,,,,,,,,,253.4,253.8,413.6,293.2,356.6,525.1,967.2,629.5,"1,001.7",221.4,,,,,,,,,,63.5,68.9,155.7,100.1,104.1,126.2,168.0,127.3,403.8,47.9,,,,,,,,,,38.0,60.0,78.0,60.0,64.0,74.0,89.0,75.0,82.0,47.9
Romania,,,,,,,101.1,107.8,121.9,127.9,109.8,158.6,170.5,237.7,277.6,320.9,313.9,309.4,72.0,,,,,,,"1,195.4","1,403.1","1,554.5","1,385.9","1,457.8","1,771.8","2,382.2","2,946.1","4,876.2","2,902.9","3,671.2","4,171.4",704.0,,,,,,,44.9,51.9,71.7,67.4,57.4,100.4,99.1,121.8,194.3,147.5,170.6,209.5,35.9,,,,,,,75.0,110.0,145.0,152.0,140.0,181.0,170.0,158.0,193.0,214.0,122.0,120.0,35.9
Russia,143.2,160.1,193.4,133.2,159.6,165.1,125.0,85.7,119.1,154.4,155.3,147.2,164.8,99.0,92.6,153.3,121.9,118.7,25.8,943.9,"1,957.9","3,216.8",951.6,"1,165.8","1,451.0",757.5,545.1,905.6,"1,291.4","1,122.5",957.0,"1,340.8",772.6,718.4,"1,138.7",825.0,881.2,153.2,119.3,166.5,189.1,105.1,126.5,193.2,113.9,87.8,120.2,234.3,165.0,168.8,178.5,83.6,78.2,137.8,121.8,111.6,24.7,214.0,221.0,260.0,163.0,172.0,198.0,123.0,122.0,185.0,186.0,187.0,186.0,175.0,107.0,109.0,154.0,125.0,110.0,24.7
Saudi Arabia,42.8,34.1,37.7,37.0,39.5,56.5,63.8,58.6,54.2,66.8,74.4,90.9,99.1,103.9,108.5,114.6,120.5,185.9,31.3,384.5,294.7,364.4,438.3,442.5,621.4,714.0,571.6,424.6,761.8,645.8,906.9,"1,052.0","1,151.9","1,095.9","1,569.8","1,249.7","1,845.8",260.6,59.6,47.8,54.2,74.4,87.6,93.7,138.0,120.2,101.5,175.5,202.8,218.7,250.3,317.3,253.0,739.1,315.3,492.0,74.7,124.0,99.0,92.0,95.0,89.0,111.0,107.0,158.0,134.0,111.0,146.0,166.0,174.0,165.0,154.0,169.0,167.0,192.0,74.7
Serbia,,,,,,,,,,18.8,17.8,16.3,12.5,16.9,12.9,22.0,17.3,7.9,6.4,,,,,,,,,,118.3,245.4,122.4,69.7,222.2,269.4,151.5,99.0,31.5,59.0,,,,,,,,,,16.7,16.6,8.9,8.5,9.9,7.0,11.5,14.9,3.6,3.1,,,,,,,,,,26.0,23.0,24.0,19.0,22.0,12.0,18.0,18.0,13.0,3.1
Singapore,57.5,52.6,57.2,49.9,70.9,63.4,77.0,64.7,89.2,88.9,106.7,91.5,120.6,148.6,124.5,155.8,121.8,159.5,10.2,328.8,277.1,331.7,359.5,506.9,449.2,403.6,410.8,533.3,585.1,861.3,495.5,735.2,946.9,702.8,909.6,"1,033.6",951.5,105.1,32.4,39.9,40.3,35.3,54.7,61.6,62.1,59.3,77.1,105.7,125.5,122.8,144.3,212.4,128.2,173.4,143.4,200.0,13.2,148.0,135.0,139.0,145.0,172.0,154.0,139.0,166.0,229.0,191.0,230.0,213.0,224.0,214.0,173.0,162.0,123.0,138.0,13.2
South Africa,162.5,156.8,167.6,180.1,216.8,174.8,164.2,131.5,123.4,108.7,118.8,142.3,124.5,134.5,103.8,128.6,113.1,121.9,15.9,"2,008.1","1,662.9","1,732.8","1,568.2","2,549.6","2,115.2","1,571.1","1,684.6",960.3,773.5,"1,026.9","1,380.0",996.7,"1,059.5",909.8,"1,009.7",788.5,856.3,108.1,111.2,152.3,97.5,106.5,134.7,124.7,126.5,79.6,106.4,87.5,115.1,131.8,132.1,138.8,111.5,140.2,112.7,126.5,13.8,452.0,407.0,404.0,454.0,481.0,365.0,292.0,320.0,272.0,208.0,222.0,273.0,237.0,234.0,202.0,200.0,166.0,167.0,13.8
South Korea,67.0,88.6,114.6,119.1,119.4,128.0,109.5,58.0,84.8,108.1,130.7,154.8,164.6,181.9,160.3,164.4,137.1,265.9,52.4,548.8,568.5,513.4,868.8,684.4,828.0,"1,244.2",635.2,856.5,691.9,631.7,914.3,"1,075.2",799.8,"1,098.8","1,031.7",777.5,"1,850.2",234.5,35.8,39.6,40.4,46.3,44.5,64.6,67.5,48.5,50.7,79.0,66.1,83.3,127.6,82.3,105.2,129.0,108.4,215.1,25.3,108.0,134.0,165.0,203.0,153.0,130.0,118.0,96.0,96.0,102.0,128.0,140.0,163.0,145.0,128.0,149.0,116.0,122.0,25.3
Spain,444.4,526.6,691.6,709.7,933.5,967.5,895.3,"1,011.3",875.2,894.8,795.9,865.7,984.3,"1,153.2","1,281.7","1,224.2",1254.5,1212.3,173.8,"3,255.1","3,568.5","4,201.3","4,289.9","5,189.6","5,224.0","4,496.6","5,067.0","4,542.4","4,785.4","4,923.3","5,335.7","6,129.1","6,017.2","7,448.9","7,037.6","5,936.6","6,202.6","1,147.1",212.0,220.6,273.3,268.8,376.4,402.8,381.1,463.8,403.2,436.2,365.6,498.7,508.8,513.2,542.8,555.4,618.6,488.3,86.2,574.0,636.0,733.0,701.0,887.0,758.0,681.0,1326.0,1326.0,1115.0,795.0,860.0,884.0,917.0,949.0,784.0,608.0,556.0,86.2
Sweden,291.9,307.9,327.2,333.8,383.1,401.9,417.5,335.1,442.6,457.7,503.1,516.1,547.4,553.6,506.0,509.1,456.6,458.4,56.8,"1,264.0","1,299.2","1,478.8","1,653.7","1,390.6","1,832.9","1,736.5","1,404.2","1,699.1","1,979.0","2,038.2","2,223.4","1,942.9","2,315.7","2,114.0","1,968.4","1,729.8","1,810.1",190.5,113.0,105.9,120.8,118.0,143.4,155.7,195.9,146.5,206.8,238.0,239.7,277.6,325.2,365.2,289.6,276.2,225.1,235.3,34.4,552.0,498.0,536.0,531.0,585.0,611.0,644.0,888.0,931.0,799.0,784.0,801.0,738.0,654.0,530.0,408.0,288.0,239.0,34.4
Switzerland,310.6,297.1,292.6,331.4,389.2,372.4,348.2,354.3,314.5,391.2,425.0,453.8,503.1,504.4,527.0,505.7,424.2,486.0,87.7,"1,149.1","1,217.3","1,066.2","1,388.1","1,943.1","1,492.7","1,380.4","1,612.7","1,178.9","1,752.6","1,689.4","1,908.3","1,853.6","2,300.1","2,172.3","1,714.3","2,193.1","1,653.8",269.0,129.7,125.6,138.3,163.9,206.2,184.0,157.8,202.8,162.2,233.4,337.6,303.0,308.5,333.0,378.9,278.2,245.4,282.3,77.4,426.0,376.0,485.0,518.0,507.0,476.0,300.0,393.0,389.0,404.0,437.0,462.0,475.0,503.0,488.0,384.0,283.0,282.0,77.4
Taiwan,18.9,20.4,23.3,22.1,18.9,23.1,17.8,23.1,23.3,23.6,27.0,28.8,37.9,33.7,36.8,54.6,63.1,122.5,10.3,205.2,236.2,224.6,238.9,124.6,136.5,388.0,146.6,215.3,112.9,430.6,224.6,403.5,340.6,297.3,388.8,335.6,762.4,57.9,16.0,15.6,18.6,16.9,9.9,18.7,19.2,55.0,21.8,9.2,35.2,34.2,38.9,62.8,28.4,47.4,58.5,158.9,8.2,43.0,38.0,51.0,40.0,41.0,43.0,31.0,67.0,58.0,36.0,43.0,46.0,60.0,49.0,53.0,68.0,47.0,65.0,8.2
Thailand,21.4,26.3,29.6,27.3,29.7,36.5,22.0,39.4,30.1,35.9,38.0,41.9,35.5,43.3,46.3,59.3,54.4,121.3,17.6,180.1,200.4,262.3,205.7,361.9,415.4,268.5,384.9,453.6,419.5,384.8,271.7,332.5,510.9,443.6,414.5,409.6,866.3,120.5,13.7,18.7,23.6,21.3,23.0,33.0,18.6,34.3,25.2,43.3,35.3,58.2,30.2,51.9,48.2,54.9,60.6,158.9,29.4,48.0,67.0,71.0,66.0,71.0,74.0,48.0,87.0,82.0,77.0,98.0,91.0,73.0,59.0,60.0,55.0,55.0,47.0,29.4
Turkey,41.2,61.0,55.9,51.9,91.6,77.9,75.4,58.9,71.7,69.4,91.5,90.8,103.0,116.8,114.5,106.7,110.0,187.6,15.9,381.0,536.7,494.1,372.5,"1,167.7",841.2,614.6,530.1,645.0,669.8,913.9,627.9,817.3,627.3,917.4,821.9,866.4,989.0,91.6,31.7,44.5,50.9,60.5,56.7,94.6,62.3,50.9,76.3,73.3,101.5,83.6,100.9,79.7,106.5,72.5,107.3,147.8,46.2,89.0,97.0,102.0,88.0,142.0,133.0,120.0,142.0,185.0,157.0,201.0,156.0,190.0,139.0,129.0,86.0,88.0,84.0,46.2
United Arab Emirates,60.6,58.3,73.2,61.8,89.1,91.5,123.7,121.4,107.2,118.2,133.3,161.3,152.1,181.3,185.4,201.7,208.8,313.8,47.0,663.0,539.0,689.3,562.3,867.0,838.4,849.9,"1,119.1","1,133.8",973.6,"1,228.3","1,651.5","1,187.9","1,504.9","1,356.5","1,763.8","1,602.2","2,259.5",315.5,68.7,58.4,95.0,90.4,107.3,101.2,173.3,184.4,174.2,141.3,286.1,415.7,297.6,301.4,306.0,434.6,411.6,554.3,103.8,180.0,151.0,170.0,181.0,219.0,212.0,246.0,303.0,289.0,236.0,294.0,334.0,323.0,327.0,298.0,353.0,334.0,330.0,103.8
USA,"2,446.3","2,233.1","2,406.4","2,276.8","2,536.9","2,333.6","1,907.9","1,839.1","1,765.6","1,842.8","1,862.3","1,877.9","1,982.2","2,142.3","2,321.7","2,617.3",2631.2,3087.8,497.1,"14,139.1","12,677.5","13,340.7","12,346.0","13,843.4","13,218.5","11,463.8","10,242.8","11,390.2","10,485.4","11,225.7","10,265.3","13,388.3","11,832.4","12,435.2","15,196.1","14,965.5","14,361.8","2,639.0","1,462.3","1,412.3","1,400.7","1,473.2","1,598.6","1,578.1","1,333.4","1,278.8","1,295.3","1,386.6","1,487.0","1,522.3","1,667.5","1,811.1","1,981.8","2,232.1","2,042.7","2,454.8",387.8,6270.0,5685.0,6038.0,5814.0,5595.0,4540.0,3192.0,3953.0,3775.0,3077.0,3259.0,3323.0,3278.0,3186.0,3342.0,3519.0,2961.0,3593.0,387.8
Grand Total,"11,603.4","11,695.8","13,389.3","13,892.6","15,592.6","15,339.8","14,753.0","14,211.3","14,705.5","15,289.5","15,460.9","16,810.8","17,404.2","18,581.1","19,059.5","19,827.8",19090.2,21713.5,3696.3,"75,402.1","78,946.7","90,237.3","91,843.3","101,067.6","95,846.1","90,814.9","85,685.7","90,317.9","91,498.4","94,299.7","98,118.8","108,006.5","108,321.4","111,058.4","114,016.5","110,932.2","118,872.4","21,373.3","5,787.9","5,869.9","6,439.3","6,858.6","7,821.6","8,192.4","8,125.7","8,238.2","8,741.2","9,411.4","10,074.5","11,495.6","11,825.4","11,919.2","11,868.6","13,546.6","12,329.4","15,725.0","2,555.6",22359.0,20906.0,23309.0,23994.0,24206.0,21596.0,17997.0,23075.0,23459.0,20201.0,20381.0,21835.0,20725.0,20206.0,19800.0,18638.0,14475.0,15079.0,2555.6
